year,country_name,gdp,total_refugees,coo_name,total,male_female_ratio
2001,France,1370376677298.86,6036.0,Afghanistan,1284.0,1.221453287197232
2001,France,1370376677298.86,6036.0,Syrian Arab Rep.,192.0,2.9183673469387754
2001,France,1370376677298.86,6036.0,Iran (Islamic Rep. of),1987.0,1.8064971751412429
2001,France,1370376677298.86,6036.0,Iraq,1629.0,1.2911392405063291
2001,France,1370376677298.86,6036.0,Ukraine,407.0,1.0148514851485149
2001,France,1370376677298.86,6036.0,Palestinian,78.0,2.25
2001,France,1370376677298.86,6036.0,Pakistan,145.0,2.918918918918919
2001,France,1370376677298.86,6036.0,Liberia,151.0,1.96078431372549
2001,France,1370376677298.86,6036.0,Nigeria,163.0,2.326530612244898
2001,Sweden,242499249692.616,37099.0,Afghanistan,2732.0,
2001,Sweden,242499249692.616,37099.0,Syrian Arab Rep.,1268.0,
2001,Sweden,242499249692.616,37099.0,Iran (Islamic Rep. of),6791.0,
2001,Sweden,242499249692.616,37099.0,Iraq,25889.0,
2001,Sweden,242499249692.616,37099.0,Ukraine,236.0,
2001,Sweden,242499249692.616,37099.0,Pakistan,111.0,
2001,Sweden,242499249692.616,37099.0,Liberia,37.0,
2001,Sweden,242499249692.616,37099.0,Nigeria,35.0,
2001,Switzerland,0.0,8830.0,Afghanistan,2175.0,1.5075845974329054
2001,Switzerland,0.0,8830.0,Syrian Arab Rep.,342.0,1.6106870229007633
2001,Switzerland,0.0,8830.0,Iran (Islamic Rep. of),1548.0,1.4814814814814814
2001,Switzerland,0.0,8830.0,Iraq,3940.0,2.03125
2001,Switzerland,0.0,8830.0,Ukraine,98.0,1.1777777777777778
2001,Switzerland,0.0,8830.0,Palestinian,15.0,2.0
2001,Switzerland,0.0,8830.0,Pakistan,486.0,3.3783783783783785
2001,Switzerland,0.0,8830.0,Liberia,29.0,3.0
2001,Switzerland,0.0,8830.0,Nigeria,197.0,4.324324324324325
2001,United Kingdom,1649827263567.01,35415.0,,,
2001,United Kingdom of Great Britain and Northern Ireland,0.0,0.0,Afghanistan,15065.0,
2001,United Kingdom of Great Britain and Northern Ireland,0.0,0.0,Iran (Islamic Rep. of),4115.0,
2001,United Kingdom of Great Britain and Northern Ireland,0.0,0.0,Iraq,11955.0,
2001,United Kingdom of Great Britain and Northern Ireland,0.0,0.0,Ukraine,260.0,
2001,United Kingdom of Great Britain and Northern Ireland,0.0,0.0,Pakistan,2120.0,
2001,United Kingdom of Great Britain and Northern Ireland,0.0,0.0,Liberia,280.0,
2001,United Kingdom of Great Britain and Northern Ireland,0.0,0.0,Nigeria,1620.0,
2001,United States,10581929000000.0,98229.0,,,
2001,United States of America,0.0,0.0,Afghanistan,7756.0,
2001,United States of America,0.0,0.0,Syrian Arab Rep.,479.0,
2001,United States of America,0.0,0.0,Iran (Islamic Rep. of),22657.0,
2001,United States of America,0.0,0.0,Iraq,19790.0,
2001,United States of America,0.0,0.0,Ukraine,24869.0,
2001,United States of America,0.0,0.0,Pakistan,3956.0,
2001,United States of America,0.0,0.0,Liberia,15974.0,
2001,United States of America,0.0,0.0,Nigeria,2748.0,
2002,France,1492427756382.43,5947.0,Afghanistan,1256.0,1.1958041958041958
2002,France,1492427756382.43,5947.0,Syrian Arab Rep.,207.0,3.14
2002,France,1492427756382.43,5947.0,Iran (Islamic Rep. of),1884.0,1.791111111111111
2002,France,1492427756382.43,5947.0,Iraq,1597.0,1.297841726618705
2002,France,1492427756382.43,5947.0,Ukraine,438.0,0.9380530973451328
2002,France,1492427756382.43,5947.0,Palestinian,79.0,2.2916666666666665
2002,France,1492427756382.43,5947.0,Pakistan,157.0,2.8292682926829267
2002,France,1492427756382.43,5947.0,Liberia,148.0,2.217391304347826
2002,France,1492427756382.43,5947.0,Nigeria,181.0,2.232142857142857
2002,Sweden,267373345246.531,45735.0,Afghanistan,3713.0,
2002,Sweden,267373345246.531,45735.0,Syrian Arab Rep.,1841.0,
2002,Sweden,267373345246.531,45735.0,Iran (Islamic Rep. of),7065.0,
2002,Sweden,267373345246.531,45735.0,Iraq,31768.0,
2002,Sweden,267373345246.531,45735.0,Ukraine,846.0,
2002,Sweden,267373345246.531,45735.0,Pakistan,247.0,
2002,Sweden,267373345246.531,45735.0,Liberia,58.0,
2002,Sweden,267373345246.531,45735.0,Nigeria,197.0,
2002,Switzerland,0.0,9469.0,Afghanistan,2064.0,1.4698795180722892
2002,Switzerland,0.0,9469.0,Syrian Arab Rep.,434.0,1.3642384105960266
2002,Switzerland,0.0,9469.0,Iran (Islamic Rep. of),1391.0,1.237918215613383
2002,Switzerland,0.0,9469.0,Iraq,4395.0,1.9037800687285225
2002,Switzerland,0.0,9469.0,Ukraine,177.0,1.457142857142857
2002,Switzerland,0.0,9469.0,Palestinian,16.0,2.2
2002,Switzerland,0.0,9469.0,Pakistan,521.0,3.561224489795918
2002,Switzerland,0.0,9469.0,Liberia,101.0,10.75
2002,Switzerland,0.0,9469.0,Nigeria,370.0,8.368421052631579
2002,United Kingdom,1785729916067.15,50965.0,,,
2002,United Kingdom of Great Britain and Northern Ireland,0.0,0.0,Afghanistan,20305.0,
2002,United Kingdom of Great Britain and Northern Ireland,0.0,0.0,Iran (Islamic Rep. of),5375.0,
2002,United Kingdom of Great Britain and Northern Ireland,0.0,0.0,Iraq,20580.0,
2002,United Kingdom of Great Britain and Northern Ireland,0.0,0.0,Ukraine,345.0,
2002,United Kingdom of Great Britain and Northern Ireland,0.0,0.0,Pakistan,2325.0,
2002,United Kingdom of Great Britain and Northern Ireland,0.0,0.0,Liberia,250.0,
2002,United Kingdom of Great Britain and Northern Ireland,0.0,0.0,Nigeria,1785.0,
2002,United States,10929108000000.0,98324.0,,,
2002,United States of America,0.0,0.0,Afghanistan,9227.0,
2002,United States of America,0.0,0.0,Syrian Arab Rep.,481.0,
2002,United States of America,0.0,0.0,Iran (Islamic Rep. of),23097.0,
2002,United States of America,0.0,0.0,Iraq,12766.0,
2002,United States of America,0.0,0.0,Ukraine,29731.0,
2002,United States of America,0.0,0.0,Palestinian,11.0,
2002,United States of America,0.0,0.0,Pakistan,4120.0,
2002,United States of America,0.0,0.0,Liberia,16343.0,
2002,United States of America,0.0,0.0,Nigeria,2548.0,
2003,France,1835095983049.09,5539.0,Afghanistan,1167.0,1.2144212523719164
2003,France,1835095983049.09,5539.0,Syrian Arab Rep.,191.0,3.340909090909091
2003,France,1835095983049.09,5539.0,Iran (Islamic Rep. of),1659.0,1.765
2003,France,1835095983049.09,5539.0,Iraq,1409.0,1.294788273615635
2003,France,1835095983049.09,5539.0,Ukraine,519.0,0.9010989010989012
2003,France,1835095983049.09,5539.0,Palestinian,76.0,2.1666666666666665
2003,France,1835095983049.09,5539.0,Pakistan,169.0,2.840909090909091
2003,France,1835095983049.09,5539.0,Liberia,154.0,2.347826086956522
2003,France,1835095983049.09,5539.0,Nigeria,195.0,2.0952380952380953
2003,Sweden,334074051172.972,44830.0,Afghanistan,4302.0,
2003,Sweden,334074051172.972,44830.0,Syrian Arab Rep.,1934.0,
2003,Sweden,334074051172.972,44830.0,Iran (Islamic Rep. of),6740.0,
2003,Sweden,334074051172.972,44830.0,Iraq,30232.0,
2003,Sweden,334074051172.972,44830.0,Ukraine,655.0,
2003,Sweden,334074051172.972,44830.0,Pakistan,291.0,
2003,Sweden,334074051172.972,44830.0,Liberia,232.0,
2003,Sweden,334074051172.972,44830.0,Nigeria,444.0,
2003,Switzerland,0.0,9465.0,Afghanistan,1788.0,1.145054945054945
2003,Switzerland,0.0,9465.0,Syrian Arab Rep.,313.0,1.2045454545454546
2003,Switzerland,0.0,9465.0,Iran (Islamic Rep. of),1200.0,1.2809667673716012
2003,Switzerland,0.0,9465.0,Iraq,5168.0,1.2539525691699605
2003,Switzerland,0.0,9465.0,Ukraine,77.0,1.0
2003,Switzerland,0.0,9465.0,Palestinian,20.0,3.0
2003,Switzerland,0.0,9465.0,Pakistan,445.0,1.4186046511627908
2003,Switzerland,0.0,9465.0,Liberia,304.0,
2003,Switzerland,0.0,9465.0,Nigeria,150.0,0.0
2003,United Kingdom,2054422857142.86,57893.0,,,
2003,United Kingdom of Great Britain and Northern Ireland,0.0,0.0,Afghanistan,21718.0,
2003,United Kingdom of Great Britain and Northern Ireland,0.0,0.0,Syrian Arab Rep.,15.0,
2003,United Kingdom of Great Britain and Northern Ireland,0.0,0.0,Iran (Islamic Rep. of),6892.0,
2003,United Kingdom of Great Britain and Northern Ireland,0.0,0.0,Iraq,23420.0,
2003,United Kingdom of Great Britain and Northern Ireland,0.0,0.0,Ukraine,425.0,
2003,United Kingdom of Great Britain and Northern Ireland,0.0,0.0,Palestinian,51.0,
2003,United Kingdom of Great Britain and Northern Ireland,0.0,0.0,Pakistan,3073.0,
2003,United Kingdom of Great Britain and Northern Ireland,0.0,0.0,Liberia,367.0,
2003,United Kingdom of Great Britain and Northern Ireland,0.0,0.0,Nigeria,1932.0,
2003,United States,11456450000000.0,100479.0,,,
2003,United States of America,0.0,0.0,Afghanistan,9821.0,
2003,United States of America,0.0,0.0,Syrian Arab Rep.,393.0,
2003,United States of America,0.0,0.0,Iran (Islamic Rep. of),22323.0,
2003,United States of America,0.0,0.0,Iraq,11194.0,
2003,United States of America,0.0,0.0,Ukraine,34384.0,
2003,United States of America,0.0,0.0,Palestinian,11.0,
2003,United States of America,0.0,0.0,Pakistan,3723.0,
2003,United States of America,0.0,0.0,Liberia,16742.0,
2003,United States of America,0.0,0.0,Nigeria,1888.0,
2004,France,2109792297237.03,5788.0,Afghanistan,1220.0,
2004,France,2109792297237.03,5788.0,Syrian Arab Rep.,205.0,
2004,France,2109792297237.03,5788.0,Iran (Islamic Rep. of),1682.0,
2004,France,2109792297237.03,5788.0,Iraq,1408.0,
2004,France,2109792297237.03,5788.0,Ukraine,583.0,
2004,France,2109792297237.03,5788.0,Palestinian,79.0,
2004,France,2109792297237.03,5788.0,Pakistan,195.0,
2004,France,2109792297237.03,5788.0,Liberia,167.0,
2004,France,2109792297237.03,5788.0,Nigeria,249.0,
2004,Sweden,384547211147.247,41186.0,Afghanistan,5075.0,
2004,Sweden,384547211147.247,41186.0,Syrian Arab Rep.,1546.0,
2004,Sweden,384547211147.247,41186.0,Iran (Islamic Rep. of),6523.0,
2004,Sweden,384547211147.247,41186.0,Iraq,26785.0,
2004,Sweden,384547211147.247,41186.0,Ukraine,395.0,
2004,Sweden,384547211147.247,41186.0,Pakistan,269.0,
2004,Sweden,384547211147.247,41186.0,Liberia,235.0,
2004,Sweden,384547211147.247,41186.0,Nigeria,358.0,
2004,Switzerland,0.0,8369.0,Afghanistan,1719.0,1.3710344827586207
2004,Switzerland,0.0,8369.0,Syrian Arab Rep.,285.0,1.6388888888888888
2004,Switzerland,0.0,8369.0,Iran (Islamic Rep. of),1121.0,1.3451882845188283
2004,Switzerland,0.0,8369.0,Iraq,4740.0,1.8920073215375228
2004,Switzerland,0.0,8369.0,Ukraine,43.0,0.9545454545454546
2004,Switzerland,0.0,8369.0,Palestinian,20.0,3.0
2004,Switzerland,0.0,8369.0,Pakistan,256.0,1.9767441860465116
2004,Switzerland,0.0,8369.0,Liberia,103.0,4.722222222222222
2004,Switzerland,0.0,8369.0,Nigeria,82.0,1.827586206896552
2004,United Kingdom,2421525082387.4,59990.0,,,
2004,United Kingdom of Great Britain and Northern Ireland,0.0,0.0,Afghanistan,22494.0,
2004,United Kingdom of Great Britain and Northern Ireland,0.0,0.0,Syrian Arab Rep.,44.0,
2004,United Kingdom of Great Britain and Northern Ireland,0.0,0.0,Iran (Islamic Rep. of),8044.0,
2004,United Kingdom of Great Britain and Northern Ireland,0.0,0.0,Iraq,22763.0,
2004,United Kingdom of Great Britain and Northern Ireland,0.0,0.0,Ukraine,468.0,
2004,United Kingdom of Great Britain and Northern Ireland,0.0,0.0,Palestinian,85.0,
2004,United Kingdom of Great Britain and Northern Ireland,0.0,0.0,Pakistan,3609.0,
2004,United Kingdom of Great Britain and Northern Ireland,0.0,0.0,Liberia,471.0,
2004,United Kingdom of Great Britain and Northern Ireland,0.0,0.0,Nigeria,2012.0,
2004,United States,12217196000000.0,94777.0,,,
2004,United States of America,0.0,0.0,Afghanistan,9923.0,
2004,United States of America,0.0,0.0,Syrian Arab Rep.,403.0,
2004,United States of America,0.0,0.0,Iran (Islamic Rep. of),21389.0,
2004,United States of America,0.0,0.0,Iraq,9057.0,
2004,United States of America,0.0,0.0,Ukraine,29052.0,
2004,United States of America,0.0,0.0,Palestinian,20.0,
2004,United States of America,0.0,0.0,Pakistan,3467.0,
2004,United States of America,0.0,0.0,Liberia,20386.0,
2004,United States of America,0.0,0.0,Nigeria,1080.0,
2005,France,2192146403028.17,5912.0,Afghanistan,1228.0,1.2953271028037383
2005,France,2192146403028.17,5912.0,Syrian Arab Rep.,213.0,3.4375
2005,France,2192146403028.17,5912.0,Iran (Islamic Rep. of),1634.0,1.7789115646258504
2005,France,2192146403028.17,5912.0,Iraq,1319.0,1.3303886925795052
2005,France,2192146403028.17,5912.0,Ukraine,643.0,0.8746355685131195
2005,France,2192146403028.17,5912.0,Palestinian,81.0,2.375
2005,France,2192146403028.17,5912.0,Pakistan,236.0,3.3703703703703702
2005,France,2192146403028.17,5912.0,Liberia,192.0,2.6923076923076925
2005,France,2192146403028.17,5912.0,Nigeria,366.0,1.859375
2005,Sweden,391690329314.475,36327.0,Afghanistan,4963.0,
2005,Sweden,391690329314.475,36327.0,Syrian Arab Rep.,1399.0,
2005,Sweden,391690329314.475,36327.0,Iran (Islamic Rep. of),5860.0,
2005,Sweden,391690329314.475,36327.0,Iraq,23182.0,
2005,Sweden,391690329314.475,36327.0,Ukraine,262.0,
2005,Sweden,391690329314.475,36327.0,Pakistan,248.0,
2005,Sweden,391690329314.475,36327.0,Liberia,219.0,
2005,Sweden,391690329314.475,36327.0,Nigeria,194.0,
2005,Switzerland,0.0,8208.0,Afghanistan,1783.0,1.2851002865329513
2005,Switzerland,0.0,8208.0,Syrian Arab Rep.,385.0,1.8
2005,Switzerland,0.0,8208.0,Iran (Islamic Rep. of),1220.0,1.3235955056179776
2005,Switzerland,0.0,8208.0,Iraq,4429.0,1.7373737373737377
2005,Switzerland,0.0,8208.0,Ukraine,38.0,0.631578947368421
2005,Switzerland,0.0,8208.0,Palestinian,21.0,3.2
2005,Switzerland,0.0,8208.0,Pakistan,184.0,1.5161290322580645
2005,Switzerland,0.0,8208.0,Liberia,57.0,1.4545454545454546
2005,Switzerland,0.0,8208.0,Nigeria,91.0,0.8888888888888888
2005,United Kingdom,2543180000000.0,61285.0,,,
2005,United Kingdom of Great Britain and Northern Ireland,0.0,0.0,Afghanistan,22532.0,
2005,United Kingdom of Great Britain and Northern Ireland,0.0,0.0,Syrian Arab Rep.,208.0,
2005,United Kingdom of Great Britain and Northern Ireland,0.0,0.0,Iran (Islamic Rep. of),9039.0,
2005,United Kingdom of Great Britain and Northern Ireland,0.0,0.0,Iraq,22363.0,
2005,United Kingdom of Great Britain and Northern Ireland,0.0,0.0,Ukraine,484.0,
2005,United Kingdom of Great Britain and Northern Ireland,0.0,0.0,Palestinian,116.0,
2005,United Kingdom of Great Britain and Northern Ireland,0.0,0.0,Pakistan,3983.0,
2005,United Kingdom of Great Britain and Northern Ireland,0.0,0.0,Liberia,449.0,
2005,United Kingdom of Great Britain and Northern Ireland,0.0,0.0,Nigeria,2111.0,
2005,United States,13039197000000.0,85318.0,,,
2005,United States of America,0.0,0.0,Afghanistan,8931.0,
2005,United States of America,0.0,0.0,Syrian Arab Rep.,323.0,
2005,United States of America,0.0,0.0,Iran (Islamic Rep. of),18164.0,
2005,United States of America,0.0,0.0,Iraq,6470.0,
2005,United States of America,0.0,0.0,Ukraine,24820.0,
2005,United States of America,0.0,0.0,Palestinian,21.0,
2005,United States of America,0.0,0.0,Pakistan,3479.0,
2005,United States of America,0.0,0.0,Liberia,22120.0,
2005,United States of America,0.0,0.0,Nigeria,990.0,
2006,France,2317861544690.82,6084.0,Afghanistan,1238.0,1.3625954198473282
2006,France,2317861544690.82,6084.0,Syrian Arab Rep.,216.0,3.695652173913043
2006,France,2317861544690.82,6084.0,Iran (Islamic Rep. of),1617.0,1.7975778546712802
2006,France,2317861544690.82,6084.0,Iraq,1318.0,1.3451957295373669
2006,France,2317861544690.82,6084.0,Ukraine,663.0,0.8571428571428571
2006,France,2317861544690.82,6084.0,Palestinian,86.0,2.185185185185185
2006,France,2317861544690.82,6084.0,Pakistan,272.0,3.0597014925373136
2006,France,2317861544690.82,6084.0,Liberia,203.0,2.9038461538461537
2006,France,2317861544690.82,6084.0,Nigeria,471.0,1.518716577540107
2006,Sweden,422530427475.536,42617.0,Afghanistan,4869.0,
2006,Sweden,422530427475.536,42617.0,Syrian Arab Rep.,1527.0,
2006,Sweden,422530427475.536,42617.0,Iran (Islamic Rep. of),5821.0,
2006,Sweden,422530427475.536,42617.0,Iraq,29564.0,
2006,Sweden,422530427475.536,42617.0,Ukraine,238.0,
2006,Sweden,422530427475.536,42617.0,Pakistan,266.0,
2006,Sweden,422530427475.536,42617.0,Liberia,207.0,
2006,Sweden,422530427475.536,42617.0,Nigeria,125.0,
2006,Switzerland,0.0,9552.0,Afghanistan,1915.0,1.403899721448468
2006,Switzerland,0.0,9552.0,Syrian Arab Rep.,505.0,1.79136690647482
2006,Switzerland,0.0,9552.0,Iran (Islamic Rep. of),1383.0,1.3534303534303531
2006,Switzerland,0.0,9552.0,Iraq,5354.0,1.986935866983373
2006,Switzerland,0.0,9552.0,Ukraine,34.0,0.5555555555555556
2006,Switzerland,0.0,9552.0,Palestinian,26.0,2.25
2006,Switzerland,0.0,9552.0,Pakistan,195.0,1.5806451612903225
2006,Switzerland,0.0,9552.0,Liberia,43.0,1.0
2006,Switzerland,0.0,9552.0,Nigeria,97.0,0.8947368421052632
2006,United Kingdom,2708441582336.71,62379.0,,,
2006,United Kingdom of Great Britain and Northern Ireland,0.0,0.0,Afghanistan,23069.0,
2006,United Kingdom of Great Britain and Northern Ireland,0.0,0.0,Syrian Arab Rep.,286.0,
2006,United Kingdom of Great Britain and Northern Ireland,0.0,0.0,Iran (Islamic Rep. of),9566.0,
2006,United Kingdom of Great Britain and Northern Ireland,0.0,0.0,Iraq,21984.0,
2006,United Kingdom of Great Britain and Northern Ireland,0.0,0.0,Ukraine,492.0,
2006,United Kingdom of Great Britain and Northern Ireland,0.0,0.0,Palestinian,122.0,
2006,United Kingdom of Great Britain and Northern Ireland,0.0,0.0,Pakistan,4301.0,
2006,United Kingdom of Great Britain and Northern Ireland,0.0,0.0,Liberia,394.0,
2006,United Kingdom of Great Britain and Northern Ireland,0.0,0.0,Nigeria,2165.0,
2006,United States,13815583000000.0,155551.0,,,
2006,United States of America,0.0,0.0,Afghanistan,13348.0,
2006,United States of America,0.0,0.0,Syrian Arab Rep.,584.0,
2006,United States of America,0.0,0.0,Iran (Islamic Rep. of),34475.0,
2006,United States of America,0.0,0.0,Iraq,20309.0,
2006,United States of America,0.0,0.0,Ukraine,44101.0,
2006,United States of America,0.0,0.0,Palestinian,13.0,
2006,United States of America,0.0,0.0,Pakistan,5315.0,
2006,United States of America,0.0,0.0,Liberia,34516.0,
2006,United States of America,0.0,0.0,Nigeria,2890.0,
2007,France,2655816911866.56,6336.0,Afghanistan,1273.0,1.4433781190019197
2007,France,2655816911866.56,6336.0,Syrian Arab Rep.,217.0,3.8222222222222224
2007,France,2655816911866.56,6336.0,Iran (Islamic Rep. of),1633.0,1.8598949211908933
2007,France,2655816911866.56,6336.0,Iraq,1397.0,1.4423076923076923
2007,France,2655816911866.56,6336.0,Ukraine,673.0,0.8539944903581267
2007,France,2655816911866.56,6336.0,Palestinian,97.0,2.4642857142857144
2007,France,2655816911866.56,6336.0,Pakistan,306.0,3.026315789473684
2007,France,2655816911866.56,6336.0,Liberia,208.0,2.8518518518518516
2007,France,2655816911866.56,6336.0,Nigeria,532.0,1.3856502242152466
2007,Sweden,490050156832.574,100182.0,Afghanistan,6470.0,
2007,Sweden,490050156832.574,100182.0,Syrian Arab Rep.,3250.0,
2007,Sweden,490050156832.574,100182.0,Iran (Islamic Rep. of),5380.0,
2007,Sweden,490050156832.574,100182.0,Iraq,83610.0,
2007,Sweden,490050156832.574,100182.0,Ukraine,494.0,
2007,Sweden,490050156832.574,100182.0,Pakistan,498.0,
2007,Sweden,490050156832.574,100182.0,Liberia,98.0,
2007,Sweden,490050156832.574,100182.0,Nigeria,382.0,
2007,Switzerland,0.0,19400.0,Afghanistan,3720.0,1.5101214574898785
2007,Switzerland,0.0,19400.0,Syrian Arab Rep.,1458.0,1.8255813953488371
2007,Switzerland,0.0,19400.0,Iran (Islamic Rep. of),2782.0,1.566420664206642
2007,Switzerland,0.0,19400.0,Iraq,10658.0,1.957269700332963
2007,Switzerland,0.0,19400.0,Ukraine,52.0,0.625
2007,Switzerland,0.0,19400.0,Palestinian,56.0,2.111111111111111
2007,Switzerland,0.0,19400.0,Pakistan,332.0,1.59375
2007,Switzerland,0.0,19400.0,Liberia,88.0,1.4444444444444444
2007,Switzerland,0.0,19400.0,Nigeria,254.0,3.096774193548387
2007,United Kingdom,3090510204081.63,63883.0,,,
2007,United Kingdom of Great Britain and Northern Ireland,0.0,0.0,Afghanistan,23565.0,
2007,United Kingdom of Great Britain and Northern Ireland,0.0,0.0,Syrian Arab Rep.,364.0,
2007,United Kingdom of Great Britain and Northern Ireland,0.0,0.0,Iran (Islamic Rep. of),10227.0,
2007,United Kingdom of Great Britain and Northern Ireland,0.0,0.0,Iraq,22021.0,
2007,United Kingdom of Great Britain and Northern Ireland,0.0,0.0,Ukraine,504.0,
2007,United Kingdom of Great Britain and Northern Ireland,0.0,0.0,Palestinian,122.0,
2007,United Kingdom of Great Britain and Northern Ireland,0.0,0.0,Pakistan,4592.0,
2007,United Kingdom of Great Britain and Northern Ireland,0.0,0.0,Liberia,332.0,
2007,United Kingdom of Great Britain and Northern Ireland,0.0,0.0,Nigeria,2156.0,
2007,United States,14474228000000.0,59514.0,,,
2007,United States of America,0.0,0.0,Afghanistan,4876.0,
2007,United States of America,0.0,0.0,Syrian Arab Rep.,844.0,
2007,United States of America,0.0,0.0,Iran (Islamic Rep. of),14742.0,
2007,United States of America,0.0,0.0,Iraq,9534.0,
2007,United States of America,0.0,0.0,Ukraine,4570.0,
2007,United States of America,0.0,0.0,Palestinian,22.0,
2007,United States of America,0.0,0.0,Pakistan,9250.0,
2007,United States of America,0.0,0.0,Liberia,12752.0,
2007,United States of America,0.0,0.0,Nigeria,2924.0,
2008,France,2926802941585.86,13674.0,Afghanistan,2690.0,1.514018691588785
2008,France,2926802941585.86,13674.0,Syrian Arab Rep.,466.0,3.2363636363636363
2008,France,2926802941585.86,13674.0,Iran (Islamic Rep. of),3322.0,1.8539518900343643
2008,France,2926802941585.86,13674.0,Iraq,3312.0,1.3793103448275863
2008,France,2926802941585.86,13674.0,Ukraine,1356.0,0.8575342465753425
2008,France,2926802941585.86,13674.0,Palestinian,218.0,2.7586206896551726
2008,France,2926802941585.86,13674.0,Pakistan,676.0,2.840909090909091
2008,France,2926802941585.86,13674.0,Liberia,422.0,2.767857142857143
2008,France,2926802941585.86,13674.0,Nigeria,1212.0,1.2867924528301886
2008,Sweden,514616528348.834,97312.0,Afghanistan,7100.0,
2008,Sweden,514616528348.834,97312.0,Syrian Arab Rep.,3402.0,
2008,Sweden,514616528348.834,97312.0,Iran (Islamic Rep. of),5498.0,
2008,Sweden,514616528348.834,97312.0,Iraq,79888.0,
2008,Sweden,514616528348.834,97312.0,Ukraine,400.0,
2008,Sweden,514616528348.834,97312.0,Pakistan,500.0,
2008,Sweden,514616528348.834,97312.0,Liberia,74.0,
2008,Sweden,514616528348.834,97312.0,Nigeria,450.0,
2008,Switzerland,0.0,24400.0,Afghanistan,4384.0,1.7537688442211057
2008,Switzerland,0.0,24400.0,Syrian Arab Rep.,2402.0,1.8325471698113207
2008,Switzerland,0.0,24400.0,Iran (Islamic Rep. of),7136.0,1.8102409638554215
2008,Switzerland,0.0,24400.0,Iraq,8552.0,1.9797909407665504
2008,Switzerland,0.0,24400.0,Ukraine,82.0,1.1578947368421053
2008,Switzerland,0.0,24400.0,Palestinian,78.0,1.4375
2008,Switzerland,0.0,24400.0,Pakistan,404.0,1.9705882352941175
2008,Switzerland,0.0,24400.0,Liberia,140.0,1.8
2008,Switzerland,0.0,24400.0,Nigeria,1222.0,8.546875
2008,United Kingdom,2929411764705.88,126052.0,,,
2008,United Kingdom of Great Britain and Northern Ireland,0.0,0.0,Afghanistan,46158.0,
2008,United Kingdom of Great Britain and Northern Ireland,0.0,0.0,Syrian Arab Rep.,790.0,
2008,United Kingdom of Great Britain and Northern Ireland,0.0,0.0,Iran (Islamic Rep. of),20640.0,
2008,United Kingdom of Great Britain and Northern Ireland,0.0,0.0,Iraq,42966.0,
2008,United Kingdom of Great Britain and Northern Ireland,0.0,0.0,Ukraine,1018.0,
2008,United Kingdom of Great Britain and Northern Ireland,0.0,0.0,Palestinian,244.0,
2008,United Kingdom of Great Britain and Northern Ireland,0.0,0.0,Pakistan,9548.0,
2008,United Kingdom of Great Britain and Northern Ireland,0.0,0.0,Liberia,590.0,
2008,United Kingdom of Great Britain and Northern Ireland,0.0,0.0,Nigeria,4098.0,
2008,United States,14769862000000.0,55744.0,,,
2008,United States of America,0.0,0.0,Afghanistan,4328.0,
2008,United States of America,0.0,0.0,Syrian Arab Rep.,784.0,
2008,United States of America,0.0,0.0,Iran (Islamic Rep. of),13478.0,
2008,United States of America,0.0,0.0,Iraq,10266.0,
2008,United States of America,0.0,0.0,Ukraine,4044.0,
2008,United States of America,0.0,0.0,Palestinian,20.0,
2008,United States of America,0.0,0.0,Pakistan,8908.0,
2008,United States of America,0.0,0.0,Liberia,11556.0,
2008,United States of America,0.0,0.0,Nigeria,2360.0,
2009,France,2700075882518.98,15608.0,Afghanistan,3134.0,
2009,France,2700075882518.98,15608.0,Syrian Arab Rep.,488.0,
2009,France,2700075882518.98,15608.0,Iran (Islamic Rep. of),3470.0,
2009,France,2700075882518.98,15608.0,Iraq,4294.0,
2009,France,2700075882518.98,15608.0,Ukraine,1404.0,
2009,France,2700075882518.98,15608.0,Palestinian,304.0,
2009,France,2700075882518.98,15608.0,Pakistan,756.0,
2009,France,2700075882518.98,15608.0,Liberia,442.0,
2009,France,2700075882518.98,15608.0,Nigeria,1316.0,
2009,Sweden,434313804907.366,90522.0,Afghanistan,9396.0,
2009,Sweden,434313804907.366,90522.0,Syrian Arab Rep.,3424.0,
2009,Sweden,434313804907.366,90522.0,Iran (Islamic Rep. of),6580.0,
2009,Sweden,434313804907.366,90522.0,Iraq,69328.0,
2009,Sweden,434313804907.366,90522.0,Ukraine,554.0,
2009,Sweden,434313804907.366,90522.0,Pakistan,548.0,
2009,Sweden,434313804907.366,90522.0,Liberia,92.0,
2009,Sweden,434313804907.366,90522.0,Nigeria,600.0,
2009,Switzerland,0.0,25258.0,Afghanistan,5104.0,1.8674157303370784
2009,Switzerland,0.0,25258.0,Syrian Arab Rep.,2768.0,1.836065573770492
2009,Switzerland,0.0,25258.0,Iran (Islamic Rep. of),3726.0,1.7764530551415798
2009,Switzerland,0.0,25258.0,Iraq,11296.0,1.7605083088954057
2009,Switzerland,0.0,25258.0,Ukraine,102.0,0.8214285714285714
2009,Switzerland,0.0,25258.0,Palestinian,70.0,1.5
2009,Switzerland,0.0,25258.0,Pakistan,452.0,2.054054054054054
2009,Switzerland,0.0,25258.0,Liberia,144.0,1.88
2009,Switzerland,0.0,25258.0,Nigeria,1596.0,8.068181818181818
2009,United Kingdom,2412840006231.5,126692.0,,,
2009,United Kingdom of Great Britain and Northern Ireland,0.0,0.0,Afghanistan,47316.0,
2009,United Kingdom of Great Britain and Northern Ireland,0.0,0.0,Syrian Arab Rep.,920.0,
2009,United Kingdom of Great Britain and Northern Ireland,0.0,0.0,Iran (Islamic Rep. of),21690.0,
2009,United Kingdom of Great Britain and Northern Ireland,0.0,0.0,Iraq,42574.0,
2009,United Kingdom of Great Britain and Northern Ireland,0.0,0.0,Ukraine,970.0,
2009,United Kingdom of Great Britain and Northern Ireland,0.0,0.0,Palestinian,282.0,
2009,United Kingdom of Great Britain and Northern Ireland,0.0,0.0,Pakistan,9610.0,
2009,United Kingdom of Great Britain and Northern Ireland,0.0,0.0,Liberia,590.0,
2009,United Kingdom of Great Britain and Northern Ireland,0.0,0.0,Nigeria,2740.0,
2009,United States,14478067000000.0,51752.0,,,
2009,United States of America,0.0,0.0,Afghanistan,3542.0,
2009,United States of America,0.0,0.0,Syrian Arab Rep.,816.0,
2009,United States of America,0.0,0.0,Iran (Islamic Rep. of),12160.0,
2009,United States of America,0.0,0.0,Iraq,11304.0,
2009,United States of America,0.0,0.0,Ukraine,3654.0,
2009,United States of America,0.0,0.0,Palestinian,10.0,
2009,United States of America,0.0,0.0,Pakistan,8342.0,
2009,United States of America,0.0,0.0,Liberia,9982.0,
2009,United States of America,0.0,0.0,Nigeria,1942.0,
2010,France,2646230027988.34,17248.0,Afghanistan,3580.0,1.9392446633825944
2010,France,2646230027988.34,17248.0,Syrian Arab Rep.,560.0,2.888888888888889
2010,France,2646230027988.34,17248.0,Iran (Islamic Rep. of),3834.0,1.8357988165680472
2010,France,2646230027988.34,17248.0,Iraq,4732.0,1.2511893434823975
2010,France,2646230027988.34,17248.0,Ukraine,1424.0,0.8493506493506493
2010,France,2646230027988.34,17248.0,Palestinian,388.0,2.660377358490566
2010,France,2646230027988.34,17248.0,Pakistan,828.0,2.9056603773584904
2010,France,2646230027988.34,17248.0,Liberia,450.0,2.4615384615384617
2010,France,2646230027988.34,17248.0,Nigeria,1452.0,1.0862068965517242
2010,Sweden,492753255885.718,42574.0,Afghanistan,5858.0,
2010,Sweden,492753255885.718,42574.0,Syrian Arab Rep.,1540.0,
2010,Sweden,492753255885.718,42574.0,Iran (Islamic Rep. of),3630.0,
2010,Sweden,492753255885.718,42574.0,Iraq,30593.0,
2010,Sweden,492753255885.718,42574.0,Ukraine,251.0,
2010,Sweden,492753255885.718,42574.0,Pakistan,306.0,
2010,Sweden,492753255885.718,42574.0,Liberia,47.0,
2010,Sweden,492753255885.718,42574.0,Nigeria,349.0,
2010,Switzerland,0.0,12606.0,Afghanistan,2852.0,1.8866396761133604
2010,Switzerland,0.0,12606.0,Syrian Arab Rep.,1553.0,1.778175313059034
2010,Switzerland,0.0,12606.0,Iran (Islamic Rep. of),1849.0,1.7231222385861562
2010,Switzerland,0.0,12606.0,Iraq,5205.0,1.6234879032258065
2010,Switzerland,0.0,12606.0,Ukraine,41.0,0.64
2010,Switzerland,0.0,12606.0,Palestinian,205.0,2.727272727272727
2010,Switzerland,0.0,12606.0,Pakistan,206.0,1.9014084507042253
2010,Switzerland,0.0,12606.0,Liberia,81.0,1.6129032258064515
2010,Switzerland,0.0,12606.0,Nigeria,614.0,5.602150537634409
2010,United Kingdom,2485482596184.71,117622.0,,,
2010,United Kingdom of Great Britain and Northern Ireland,0.0,0.0,Afghanistan,46812.0,
2010,United Kingdom of Great Britain and Northern Ireland,0.0,0.0,Syrian Arab Rep.,998.0,
2010,United Kingdom of Great Britain and Northern Ireland,0.0,0.0,Iran (Islamic Rep. of),21674.0,
2010,United Kingdom of Great Britain and Northern Ireland,0.0,0.0,Iraq,36286.0,
2010,United Kingdom of Great Britain and Northern Ireland,0.0,0.0,Ukraine,568.0,
2010,United Kingdom of Great Britain and Northern Ireland,0.0,0.0,Palestinian,388.0,
2010,United Kingdom of Great Britain and Northern Ireland,0.0,0.0,Pakistan,8206.0,
2010,United Kingdom of Great Britain and Northern Ireland,0.0,0.0,Liberia,602.0,
2010,United Kingdom of Great Britain and Northern Ireland,0.0,0.0,Nigeria,2088.0,
2010,United States,15048971000000.0,22230.0,,,
2010,United States of America,0.0,0.0,Afghanistan,1410.0,
2010,United States of America,0.0,0.0,Syrian Arab Rep.,322.0,
2010,United States of America,0.0,0.0,Iran (Islamic Rep. of),5249.0,
2010,United States of America,0.0,0.0,Iraq,5551.0,
2010,United States of America,0.0,0.0,Ukraine,1524.0,
2010,United States of America,0.0,0.0,Palestinian,6.0,
2010,United States of America,0.0,0.0,Pakistan,3504.0,
2010,United States of America,0.0,0.0,Liberia,3930.0,
2010,United States of America,0.0,0.0,Nigeria,734.0,
2011,France,2870408553990.28,9481.0,Afghanistan,2120.0,2.3333333333333335
2011,France,2870408553990.28,9481.0,Syrian Arab Rep.,351.0,2.5816326530612246
2011,France,2870408553990.28,9481.0,Iran (Islamic Rep. of),2064.0,1.7779273216689098
2011,France,2870408553990.28,9481.0,Iraq,2519.0,1.2213403880070546
2011,France,2870408553990.28,9481.0,Ukraine,716.0,0.8501291989664083
2011,France,2870408553990.28,9481.0,Palestinian,218.0,2.824561403508772
2011,France,2870408553990.28,9481.0,Pakistan,471.0,2.9915254237288136
2011,France,2870408553990.28,9481.0,Liberia,228.0,2.4545454545454546
2011,France,2870408553990.28,9481.0,Nigeria,794.0,1.0
2011,Sweden,570541353128.724,43635.0,Afghanistan,8824.0,
2011,Sweden,570541353128.724,43635.0,Syrian Arab Rep.,1691.0,
2011,Sweden,570541353128.724,43635.0,Iran (Islamic Rep. of),3649.0,
2011,Sweden,570541353128.724,43635.0,Iraq,28425.0,
2011,Sweden,570541353128.724,43635.0,Ukraine,258.0,
2011,Sweden,570541353128.724,43635.0,Pakistan,376.0,
2011,Sweden,570541353128.724,43635.0,Liberia,40.0,
2011,Sweden,570541353128.724,43635.0,Nigeria,372.0,
2011,Switzerland,0.0,13858.0,Afghanistan,3496.0,1.9304274937133277
2011,Switzerland,0.0,13858.0,Syrian Arab Rep.,2140.0,1.9155313351498635
2011,Switzerland,0.0,13858.0,Iran (Islamic Rep. of),1933.0,1.734087694483734
2011,Switzerland,0.0,13858.0,Iraq,4919.0,1.539494062983996
2011,Switzerland,0.0,13858.0,Ukraine,39.0,0.7727272727272727
2011,Switzerland,0.0,13858.0,Palestinian,218.0,2.7586206896551726
2011,Switzerland,0.0,13858.0,Pakistan,227.0,2.242857142857143
2011,Switzerland,0.0,13858.0,Liberia,90.0,1.5714285714285714
2011,Switzerland,0.0,13858.0,Nigeria,796.0,5.03030303030303
2011,United Kingdom,2663805834828.07,56148.0,,,
2011,United Kingdom of Great Britain and Northern Ireland,0.0,0.0,Afghanistan,15826.0,
2011,United Kingdom of Great Britain and Northern Ireland,0.0,0.0,Syrian Arab Rep.,1032.0,
2011,United Kingdom of Great Britain and Northern Ireland,0.0,0.0,Iran (Islamic Rep. of),13336.0,
2011,United Kingdom of Great Britain and Northern Ireland,0.0,0.0,Iraq,16173.0,
2011,United Kingdom of Great Britain and Northern Ireland,0.0,0.0,Ukraine,291.0,
2011,United Kingdom of Great Britain and Northern Ireland,0.0,0.0,Palestinian,387.0,
2011,United Kingdom of Great Britain and Northern Ireland,0.0,0.0,Pakistan,6938.0,
2011,United Kingdom of Great Britain and Northern Ireland,0.0,0.0,Liberia,326.0,
2011,United Kingdom of Great Britain and Northern Ireland,0.0,0.0,Nigeria,1839.0,
2011,United States,15599732000000.0,20635.0,,,
2011,United States of America,0.0,0.0,Afghanistan,1210.0,
2011,United States of America,0.0,0.0,Syrian Arab Rep.,485.0,
2011,United States of America,0.0,0.0,Iran (Islamic Rep. of),4848.0,
2011,United States of America,0.0,0.0,Iraq,5301.0,
2011,United States of America,0.0,0.0,Ukraine,1537.0,
2011,United States of America,0.0,0.0,Palestinian,7.0,
2011,United States of America,0.0,0.0,Pakistan,3534.0,
2011,United States of America,0.0,0.0,Liberia,2996.0,
2011,United States of America,0.0,0.0,Nigeria,717.0,
2012,France,2683007095787.23,12922.0,Afghanistan,3185.0,2.848439821693908
2012,France,2683007095787.23,12922.0,Syrian Arab Rep.,640.0,2.5754189944134076
2012,France,2683007095787.23,12922.0,Iran (Islamic Rep. of),2172.0,1.8578947368421053
2012,France,2683007095787.23,12922.0,Iraq,2620.0,1.2222222222222223
2012,France,2683007095787.23,12922.0,Ukraine,719.0,0.8530927835051546
2012,France,2683007095787.23,12922.0,Palestinian,252.0,2.8181818181818183
2012,France,2683007095787.23,12922.0,Pakistan,1752.0,2.9927007299270074
2012,France,2683007095787.23,12922.0,Liberia,227.0,2.338235294117647
2012,France,2683007095787.23,12922.0,Nigeria,1355.0,0.8874734607218684
2012,Sweden,549742183874.355,51565.0,Afghanistan,10807.0,
2012,Sweden,549742183874.355,51565.0,Syrian Arab Rep.,9802.0,
2012,Sweden,549742183874.355,51565.0,Iran (Islamic Rep. of),4126.0,
2012,Sweden,549742183874.355,51565.0,Iraq,25639.0,
2012,Sweden,549742183874.355,51565.0,Ukraine,198.0,
2012,Sweden,549742183874.355,51565.0,Pakistan,435.0,
2012,Sweden,549742183874.355,51565.0,Liberia,41.0,
2012,Sweden,549742183874.355,51565.0,Nigeria,517.0,
2012,Switzerland,0.0,15604.0,Afghanistan,4327.0,1.9820813232253616
2012,Switzerland,0.0,15604.0,Syrian Arab Rep.,3083.0,1.8440959409594095
2012,Switzerland,0.0,15604.0,Iran (Islamic Rep. of),2054.0,1.6265984654731458
2012,Switzerland,0.0,15604.0,Iraq,4589.0,1.4792004321988117
2012,Switzerland,0.0,15604.0,Ukraine,40.0,1.0
2012,Switzerland,0.0,15604.0,Palestinian,257.0,2.5694444444444446
2012,Switzerland,0.0,15604.0,Pakistan,274.0,2.8055555555555554
2012,Switzerland,0.0,15604.0,Liberia,87.0,1.5588235294117647
2012,Switzerland,0.0,15604.0,Nigeria,893.0,3.51010101010101
2012,United Kingdom,2707089726614.64,43696.0,,,
2012,United Kingdom of Great Britain and Northern Ireland,0.0,0.0,Afghanistan,11107.0,
2012,United Kingdom of Great Britain and Northern Ireland,0.0,0.0,Syrian Arab Rep.,2106.0,
2012,United Kingdom of Great Britain and Northern Ireland,0.0,0.0,Iran (Islamic Rep. of),13393.0,
2012,United Kingdom of Great Britain and Northern Ireland,0.0,0.0,Iraq,6242.0,
2012,United Kingdom of Great Britain and Northern Ireland,0.0,0.0,Ukraine,244.0,
2012,United Kingdom of Great Britain and Northern Ireland,0.0,0.0,Palestinian,455.0,
2012,United Kingdom of Great Britain and Northern Ireland,0.0,0.0,Pakistan,7677.0,
2012,United Kingdom of Great Britain and Northern Ireland,0.0,0.0,Liberia,323.0,
2012,United Kingdom of Great Britain and Northern Ireland,0.0,0.0,Nigeria,2149.0,
2012,United States,16253970000000.0,20598.0,,,
2012,United States of America,0.0,0.0,Afghanistan,1147.0,
2012,United States of America,0.0,0.0,Syrian Arab Rep.,1792.0,
2012,United States of America,0.0,0.0,Iran (Islamic Rep. of),4627.0,
2012,United States of America,0.0,0.0,Iraq,5084.0,
2012,United States of America,0.0,0.0,Ukraine,1543.0,
2012,United States of America,0.0,0.0,Palestinian,8.0,
2012,United States of America,0.0,0.0,Pakistan,3421.0,
2012,United States of America,0.0,0.0,Liberia,2192.0,
2012,United States of America,0.0,0.0,Nigeria,784.0,
2013,France,2816077607875.26,17497.0,Afghanistan,3814.0,3.2276315789473684
2013,France,2816077607875.26,17497.0,Syrian Arab Rep.,1817.0,1.8237547892720307
2013,France,2816077607875.26,17497.0,Iran (Islamic Rep. of),2447.0,1.791062801932367
2013,France,2816077607875.26,17497.0,Iraq,2734.0,1.2271214642262895
2013,France,2816077607875.26,17497.0,Ukraine,789.0,0.8438287153652393
2013,France,2816077607875.26,17497.0,Palestinian,357.0,2.488888888888889
2013,France,2816077607875.26,17497.0,Pakistan,2730.0,3.5533333333333332
2013,France,2816077607875.26,17497.0,Liberia,243.0,2.4029850746268657
2013,France,2816077607875.26,17497.0,Nigeria,2566.0,0.8195211786372008
2013,Sweden,584128116410.29,67935.0,Afghanistan,12197.0,
2013,Sweden,584128116410.29,67935.0,Syrian Arab Rep.,24792.0,
2013,Sweden,584128116410.29,67935.0,Iran (Islamic Rep. of),4535.0,
2013,Sweden,584128116410.29,67935.0,Iraq,25088.0,
2013,Sweden,584128116410.29,67935.0,Ukraine,199.0,
2013,Sweden,584128116410.29,67935.0,Pakistan,467.0,
2013,Sweden,584128116410.29,67935.0,Liberia,38.0,
2013,Sweden,584128116410.29,67935.0,Nigeria,619.0,
2013,Switzerland,0.0,16862.0,Afghanistan,4768.0,2.0408295528191833
2013,Switzerland,0.0,16862.0,Syrian Arab Rep.,4861.0,1.5795580110497238
2013,Switzerland,0.0,16862.0,Iran (Islamic Rep. of),2030.0,1.5545454545454545
2013,Switzerland,0.0,16862.0,Iraq,4314.0,1.4191890348372358
2013,Switzerland,0.0,16862.0,Ukraine,42.0,1.3571428571428572
2013,Switzerland,0.0,16862.0,Palestinian,24.0,1.181818181818182
2013,Switzerland,0.0,16862.0,Pakistan,297.0,2.75
2013,Switzerland,0.0,16862.0,Liberia,85.0,1.65625
2013,Switzerland,0.0,16862.0,Nigeria,441.0,1.9014084507042253
2013,United Kingdom,2784853502534.29,43454.0,,,
2013,United Kingdom of Great Britain and Northern Ireland,0.0,0.0,Afghanistan,10596.0,
2013,United Kingdom of Great Britain and Northern Ireland,0.0,0.0,Syrian Arab Rep.,3810.0,
2013,United Kingdom of Great Britain and Northern Ireland,0.0,0.0,Iran (Islamic Rep. of),13638.0,
2013,United Kingdom of Great Britain and Northern Ireland,0.0,0.0,Iraq,3734.0,
2013,United Kingdom of Great Britain and Northern Ireland,0.0,0.0,Ukraine,192.0,
2013,United Kingdom of Great Britain and Northern Ireland,0.0,0.0,Palestinian,483.0,
2013,United Kingdom of Great Britain and Northern Ireland,0.0,0.0,Pakistan,8384.0,
2013,United Kingdom of Great Britain and Northern Ireland,0.0,0.0,Liberia,122.0,
2013,United Kingdom of Great Britain and Northern Ireland,0.0,0.0,Nigeria,2495.0,
2013,United States,16880683000000.0,26453.0,,,
2013,United States of America,0.0,0.0,Afghanistan,1309.0,
2013,United States of America,0.0,0.0,Syrian Arab Rep.,5180.0,
2013,United States of America,0.0,0.0,Iran (Islamic Rep. of),5406.0,
2013,United States of America,0.0,0.0,Iraq,5805.0,
2013,United States of America,0.0,0.0,Ukraine,1826.0,
2013,United States of America,0.0,0.0,Palestinian,15.0,
2013,United States of America,0.0,0.0,Pakistan,3875.0,
2013,United States of America,0.0,0.0,Liberia,1880.0,
2013,United States of America,0.0,0.0,Nigeria,1157.0,
2014,France,2861236112552.42,22963.0,Afghanistan,4262.0,3.421658986175115
2014,France,2861236112552.42,22963.0,Syrian Arab Rep.,4121.0,1.5414462081128748
2014,France,2861236112552.42,22963.0,Iran (Islamic Rep. of),2477.0,1.778563015312132
2014,France,2861236112552.42,22963.0,Iraq,3298.0,1.164254703328509
2014,France,2861236112552.42,22963.0,Ukraine,1976.0,0.8564231738035264
2014,France,2861236112552.42,22963.0,Palestinian,501.0,2.3934426229508197
2014,France,2861236112552.42,22963.0,Pakistan,3122.0,3.976190476190476
2014,France,2861236112552.42,22963.0,Liberia,237.0,2.3484848484848486
2014,France,2861236112552.42,22963.0,Nigeria,2969.0,0.7464342313787639
2014,Sweden,577730245154.162,102185.0,Afghanistan,14353.0,
2014,Sweden,577730245154.162,102185.0,Syrian Arab Rep.,53296.0,
2014,Sweden,577730245154.162,102185.0,Iran (Islamic Rep. of),5071.0,
2014,Sweden,577730245154.162,102185.0,Iraq,26849.0,
2014,Sweden,577730245154.162,102185.0,Ukraine,1208.0,
2014,Sweden,577730245154.162,102185.0,Palestinian,36.0,
2014,Sweden,577730245154.162,102185.0,Pakistan,599.0,
2014,Sweden,577730245154.162,102185.0,Liberia,32.0,
2014,Sweden,577730245154.162,102185.0,Nigeria,741.0,
2014,Switzerland,0.0,20597.0,Afghanistan,5006.0,2.018983466013472
2014,Switzerland,0.0,20597.0,Syrian Arab Rep.,8662.0,1.316106097894449
2014,Switzerland,0.0,20597.0,Iran (Islamic Rep. of),1937.0,1.574175824175824
2014,Switzerland,0.0,20597.0,Iraq,4058.0,1.3606168446026097
2014,Switzerland,0.0,20597.0,Ukraine,149.0,1.1875
2014,Switzerland,0.0,20597.0,Palestinian,18.0,1.0
2014,Switzerland,0.0,20597.0,Pakistan,269.0,2.27027027027027
2014,Switzerland,0.0,20597.0,Liberia,75.0,1.6785714285714286
2014,Switzerland,0.0,20597.0,Nigeria,423.0,2.256198347107438
2014,United Kingdom,3064708247921.43,48502.0,,,
2014,United Kingdom of Great Britain and Northern Ireland,0.0,0.0,Afghanistan,10948.0,
2014,United Kingdom of Great Britain and Northern Ireland,0.0,0.0,Syrian Arab Rep.,5902.0,
2014,United Kingdom of Great Britain and Northern Ireland,0.0,0.0,Iran (Islamic Rep. of),14230.0,
2014,United Kingdom of Great Britain and Northern Ireland,0.0,0.0,Iraq,3938.0,
2014,United Kingdom of Great Britain and Northern Ireland,0.0,0.0,Ukraine,272.0,
2014,United Kingdom of Great Britain and Northern Ireland,0.0,0.0,Palestinian,567.0,
2014,United Kingdom of Great Britain and Northern Ireland,0.0,0.0,Pakistan,9519.0,
2014,United Kingdom of Great Britain and Northern Ireland,0.0,0.0,Liberia,58.0,
2014,United Kingdom of Great Britain and Northern Ireland,0.0,0.0,Nigeria,3068.0,
2014,United States,17608138000000.0,33962.0,,,
2014,United States of America,0.0,0.0,Afghanistan,1622.0,
2014,United States of America,0.0,0.0,Syrian Arab Rep.,7052.0,
2014,United States of America,0.0,0.0,Iran (Islamic Rep. of),6467.0,
2014,United States of America,0.0,0.0,Iraq,7235.0,
2014,United States of America,0.0,0.0,Ukraine,3230.0,
2014,United States of America,0.0,0.0,Palestinian,14.0,
2014,United States of America,0.0,0.0,Pakistan,4911.0,
2014,United States of America,0.0,0.0,Liberia,1778.0,
2014,United States of America,0.0,0.0,Nigeria,1653.0,
2015,France,2442483452642.5,32215.0,Afghanistan,6507.0,3.580208333333333
2015,France,2442483452642.5,32215.0,Syrian Arab Rep.,7890.0,1.4545023696682464
2015,France,2442483452642.5,32215.0,Iran (Islamic Rep. of),2622.0,1.7974537037037035
2015,France,2442483452642.5,32215.0,Iraq,5372.0,1.1563063063063064
2015,France,2442483452642.5,32215.0,Ukraine,2571.0,0.7743589743589744
2015,France,2442483452642.5,32215.0,Palestinian,727.0,2.1215469613259668
2015,France,2442483452642.5,32215.0,Pakistan,3102.0,4.084656084656085
2015,France,2442483452642.5,32215.0,Liberia,252.0,2.353846153846154
2015,France,2442483452642.5,32215.0,Nigeria,3172.0,0.675603217158177
2015,Sweden,501698263620.663,213285.0,Afghanistan,53678.0,
2015,Sweden,501698263620.663,213285.0,Syrian Arab Rep.,101993.0,
2015,Sweden,501698263620.663,213285.0,Iran (Islamic Rep. of),8963.0,
2015,Sweden,501698263620.663,213285.0,Iraq,44109.0,
2015,Sweden,501698263620.663,213285.0,Ukraine,1830.0,
2015,Sweden,501698263620.663,213285.0,Palestinian,820.0,
2015,Sweden,501698263620.663,213285.0,Pakistan,952.0,
2015,Sweden,501698263620.663,213285.0,Liberia,32.0,
2015,Sweden,501698263620.663,213285.0,Nigeria,908.0,
2015,Switzerland,0.0,34112.0,Afghanistan,11929.0,2.5795180722891566
2015,Switzerland,0.0,34112.0,Syrian Arab Rep.,13157.0,1.376432664756447
2015,Switzerland,0.0,34112.0,Iran (Islamic Rep. of),2298.0,1.0626423690205011
2015,Switzerland,0.0,34112.0,Iraq,5621.0,1.4540099682827368
2015,Switzerland,0.0,34112.0,Ukraine,198.0,0.584
2015,Switzerland,0.0,34112.0,Pakistan,345.0,3.5454545454545454
2015,Switzerland,0.0,34112.0,Liberia,64.0,1.2857142857142858
2015,Switzerland,0.0,34112.0,Nigeria,500.0,1.2467532467532467
2015,United Kingdom,2927911140916.73,54326.0,,,
2015,United Kingdom of Great Britain and Northern Ireland,0.0,0.0,Afghanistan,11890.0,
2015,United Kingdom of Great Britain and Northern Ireland,0.0,0.0,Syrian Arab Rep.,8144.0,
2015,United Kingdom of Great Britain and Northern Ireland,0.0,0.0,Iran (Islamic Rep. of),15511.0,
2015,United Kingdom of Great Britain and Northern Ireland,0.0,0.0,Iraq,5389.0,
2015,United Kingdom of Great Britain and Northern Ireland,0.0,0.0,Ukraine,224.0,
2015,United Kingdom of Great Britain and Northern Ireland,0.0,0.0,Palestinian,594.0,
2015,United Kingdom of Great Britain and Northern Ireland,0.0,0.0,Pakistan,9390.0,
2015,United Kingdom of Great Britain and Northern Ireland,0.0,0.0,Liberia,17.0,
2015,United Kingdom of Great Britain and Northern Ireland,0.0,0.0,Nigeria,3167.0,
2015,United States,18295019000000.0,42075.0,,,
2015,United States of America,0.0,0.0,Afghanistan,1970.0,
2015,United States of America,0.0,0.0,Syrian Arab Rep.,8769.0,
2015,United States of America,0.0,0.0,Iran (Islamic Rep. of),7504.0,
2015,United States of America,0.0,0.0,Iraq,8489.0,
2015,United States of America,0.0,0.0,Ukraine,5345.0,
2015,United States of America,0.0,0.0,Palestinian,21.0,
2015,United States of America,0.0,0.0,Pakistan,5859.0,
2015,United States of America,0.0,0.0,Liberia,1744.0,
2015,United States of America,0.0,0.0,Nigeria,2374.0,
2016,France,2470407619777.13,42293.0,Afghanistan,11865.0,5.268352365415987
2016,France,2470407619777.13,42293.0,Syrian Arab Rep.,11140.0,1.316670961092502
2016,France,2470407619777.13,42293.0,Iran (Islamic Rep. of),2884.0,1.7833894500561167
2016,France,2470407619777.13,42293.0,Iraq,6754.0,1.1776576576576576
2016,France,2470407619777.13,42293.0,Ukraine,2018.0,0.7971391417425228
2016,France,2470407619777.13,42293.0,Palestinian,860.0,1.7865612648221345
2016,France,2470407619777.13,42293.0,Pakistan,2897.0,4.191780821917808
2016,France,2470407619777.13,42293.0,Liberia,237.0,2.318840579710145
2016,France,2470407619777.13,42293.0,Nigeria,3638.0,0.5787965616045845
2016,Sweden,514218206628.325,203609.0,Afghanistan,50775.0,
2016,Sweden,514218206628.325,203609.0,Syrian Arab Rep.,103999.0,
2016,Sweden,514218206628.325,203609.0,Iran (Islamic Rep. of),8821.0,
2016,Sweden,514218206628.325,203609.0,Iraq,35744.0,
2016,Sweden,514218206628.325,203609.0,Ukraine,1013.0,
2016,Sweden,514218206628.325,203609.0,Palestinian,1356.0,
2016,Sweden,514218206628.325,203609.0,Pakistan,922.0,
2016,Sweden,514218206628.325,203609.0,Liberia,31.0,
2016,Sweden,514218206628.325,203609.0,Nigeria,948.0,
2016,Switzerland,0.0,37438.0,Afghanistan,13436.0,2.673045379989065
2016,Switzerland,0.0,37438.0,Syrian Arab Rep.,15017.0,1.315651503469545
2016,Switzerland,0.0,37438.0,Iran (Islamic Rep. of),2513.0,1.5933952528379771
2016,Switzerland,0.0,37438.0,Iraq,5573.0,1.431500872600349
2016,Switzerland,0.0,37438.0,Ukraine,148.0,0.6629213483146067
2016,Switzerland,0.0,37438.0,Pakistan,365.0,2.924731182795699
2016,Switzerland,0.0,37438.0,Liberia,57.0,1.7142857142857142
2016,Switzerland,0.0,37438.0,Nigeria,329.0,1.5307692307692309
2016,United Kingdom,2689106566899.61,59820.0,,,
2016,United Kingdom of Great Britain and Northern Ireland,0.0,0.0,Afghanistan,12545.0,
2016,United Kingdom of Great Britain and Northern Ireland,0.0,0.0,Syrian Arab Rep.,9279.0,
2016,United Kingdom of Great Britain and Northern Ireland,0.0,0.0,Iran (Islamic Rep. of),17255.0,
2016,United Kingdom of Great Britain and Northern Ireland,0.0,0.0,Iraq,6423.0,
2016,United Kingdom of Great Britain and Northern Ireland,0.0,0.0,Ukraine,186.0,
2016,United Kingdom of Great Britain and Northern Ireland,0.0,0.0,Palestinian,628.0,
2016,United Kingdom of Great Britain and Northern Ireland,0.0,0.0,Pakistan,9728.0,
2016,United Kingdom of Great Britain and Northern Ireland,0.0,0.0,Liberia,53.0,
2016,United Kingdom of Great Britain and Northern Ireland,0.0,0.0,Nigeria,3723.0,
2016,United States,18804913000000.0,50139.0,,,
2016,United States of America,0.0,0.0,Afghanistan,2250.0,
2016,United States of America,0.0,0.0,Syrian Arab Rep.,9808.0,
2016,United States of America,0.0,0.0,Iran (Islamic Rep. of),8242.0,
2016,United States of America,0.0,0.0,Iraq,9713.0,
2016,United States of America,0.0,0.0,Ukraine,7558.0,
2016,United States of America,0.0,0.0,Palestinian,38.0,
2016,United States of America,0.0,0.0,Pakistan,7151.0,
2016,United States of America,0.0,0.0,Liberia,1861.0,
2016,United States of America,0.0,0.0,Nigeria,3518.0,
2017,France,2588868323334.71,53807.0,Afghanistan,17739.0,7.512999365884591
2017,France,2588868323334.71,53807.0,Syrian Arab Rep.,14914.0,1.244532090354966
2017,France,2588868323334.71,53807.0,Iran (Islamic Rep. of),2995.0,1.7771797631862218
2017,France,2588868323334.71,53807.0,Iraq,8211.0,1.1731977265928806
2017,France,2588868323334.71,53807.0,Ukraine,2044.0,0.7932960893854749
2017,France,2588868323334.71,53807.0,Palestinian,1012.0,1.6920529801324504
2017,France,2588868323334.71,53807.0,Pakistan,2678.0,4.733606557377049
2017,France,2588868323334.71,53807.0,Liberia,256.0,2.1780821917808217
2017,France,2588868323334.71,53807.0,Nigeria,3958.0,0.5050143266475645
2017,Sweden,536083940228.684,186930.0,Afghanistan,43457.0,
2017,Sweden,536083940228.684,186930.0,Syrian Arab Rep.,107145.0,
2017,Sweden,536083940228.684,186930.0,Iran (Islamic Rep. of),8983.0,
2017,Sweden,536083940228.684,186930.0,Iraq,23380.0,
2017,Sweden,536083940228.684,186930.0,Ukraine,595.0,
2017,Sweden,536083940228.684,186930.0,Palestinian,1425.0,
2017,Sweden,536083940228.684,186930.0,Pakistan,894.0,
2017,Sweden,536083940228.684,186930.0,Liberia,26.0,
2017,Sweden,536083940228.684,186930.0,Nigeria,1025.0,
2017,Switzerland,0.0,39447.0,Afghanistan,13771.0,2.362881562881563
2017,Switzerland,0.0,39447.0,Syrian Arab Rep.,16831.0,1.0003565486094603
2017,Switzerland,0.0,39447.0,Iran (Islamic Rep. of),2542.0,1.1325503355704698
2017,Switzerland,0.0,39447.0,Iraq,5409.0,1.3017021276595744
2017,Switzerland,0.0,39447.0,Ukraine,126.0,0.75
2017,Switzerland,0.0,39447.0,Pakistan,391.0,1.8129496402877696
2017,Switzerland,0.0,39447.0,Liberia,53.0,1.4090909090909092
2017,Switzerland,0.0,39447.0,Nigeria,324.0,1.25
2017,United Kingdom,2680148052335.3,62140.0,,,
2017,United Kingdom of Great Britain and Northern Ireland,0.0,0.0,Afghanistan,12205.0,
2017,United Kingdom of Great Britain and Northern Ireland,0.0,0.0,Syrian Arab Rep.,9674.0,
2017,United Kingdom of Great Britain and Northern Ireland,0.0,0.0,Iran (Islamic Rep. of),18272.0,
2017,United Kingdom of Great Britain and Northern Ireland,0.0,0.0,Iraq,7060.0,
2017,United Kingdom of Great Britain and Northern Ireland,0.0,0.0,Ukraine,247.0,
2017,United Kingdom of Great Britain and Northern Ireland,0.0,0.0,Palestinian,724.0,
2017,United Kingdom of Great Britain and Northern Ireland,0.0,0.0,Pakistan,9965.0,
2017,United Kingdom of Great Britain and Northern Ireland,0.0,0.0,Liberia,39.0,
2017,United Kingdom of Great Britain and Northern Ireland,0.0,0.0,Nigeria,3954.0,
2017,United States,19612102000000.0,58519.0,,,
2017,United States of America,0.0,0.0,Afghanistan,2374.0,
2017,United States of America,0.0,0.0,Syrian Arab Rep.,10640.0,
2017,United States of America,0.0,0.0,Iran (Islamic Rep. of),8802.0,
2017,United States of America,0.0,0.0,Iraq,9999.0,
2017,United States of America,0.0,0.0,Ukraine,9386.0,
2017,United States of America,0.0,0.0,Palestinian,62.0,
2017,United States of America,0.0,0.0,Pakistan,8481.0,
2017,United States of America,0.0,0.0,Liberia,2135.0,
2017,United States of America,0.0,0.0,Nigeria,6640.0,
2018,France,2781576320884.39,71687.0,Afghanistan,26619.0,8.78047493403694
2018,France,2781576320884.39,71687.0,Syrian Arab Rep.,19174.0,1.1993327773144289
2018,France,2781576320884.39,71687.0,Iran (Islamic Rep. of),3404.0,1.7432835820895525
2018,France,2781576320884.39,71687.0,Iraq,9652.0,1.1453825857519788
2018,France,2781576320884.39,71687.0,Ukraine,2418.0,0.8052631578947368
2018,France,2781576320884.39,71687.0,Palestinian,1211.0,1.6934097421203438
2018,France,2781576320884.39,71687.0,Pakistan,3530.0,5.047970479704797
2018,France,2781576320884.39,71687.0,Liberia,274.0,2.22972972972973
2018,France,2781576320884.39,71687.0,Nigeria,5405.0,0.452819332566168
2018,Sweden,551312498430.164,180181.0,Afghanistan,36818.0,
2018,Sweden,551312498430.164,180181.0,Syrian Arab Rep.,111696.0,
2018,Sweden,551312498430.164,180181.0,Iran (Islamic Rep. of),9439.0,
2018,Sweden,551312498430.164,180181.0,Iraq,17753.0,
2018,Sweden,551312498430.164,180181.0,Ukraine,660.0,
2018,Sweden,551312498430.164,180181.0,Palestinian,1634.0,
2018,Sweden,551312498430.164,180181.0,Pakistan,1038.0,
2018,Sweden,551312498430.164,180181.0,Liberia,33.0,
2018,Sweden,551312498430.164,180181.0,Nigeria,1110.0,
2018,Switzerland,0.0,41282.0,Afghanistan,14075.0,2.4195821185617103
2018,Switzerland,0.0,41282.0,Syrian Arab Rep.,18354.0,1.23094688221709
2018,Switzerland,0.0,41282.0,Iran (Islamic Rep. of),2688.0,1.552706552706553
2018,Switzerland,0.0,41282.0,Iraq,5330.0,1.3847874720357942
2018,Switzerland,0.0,41282.0,Ukraine,56.0,0.3023255813953488
2018,Switzerland,0.0,41282.0,Pakistan,412.0,2.051851851851852
2018,Switzerland,0.0,41282.0,Liberia,46.0,0.7692307692307693
2018,Switzerland,0.0,41282.0,Nigeria,321.0,0.9937888198757764
2018,United Kingdom,2871340347581.79,67126.0,,,
2018,United Kingdom of Great Britain and Northern Ireland,0.0,0.0,Afghanistan,12277.0,
2018,United Kingdom of Great Britain and Northern Ireland,0.0,0.0,Syrian Arab Rep.,10405.0,
2018,United Kingdom of Great Britain and Northern Ireland,0.0,0.0,Iran (Islamic Rep. of),20507.0,
2018,United Kingdom of Great Britain and Northern Ireland,0.0,0.0,Iraq,8128.0,
2018,United Kingdom of Great Britain and Northern Ireland,0.0,0.0,Ukraine,322.0,
2018,United Kingdom of Great Britain and Northern Ireland,0.0,0.0,Palestinian,795.0,
2018,United Kingdom of Great Britain and Northern Ireland,0.0,0.0,Pakistan,10360.0,
2018,United Kingdom of Great Britain and Northern Ireland,0.0,0.0,Liberia,42.0,
2018,United Kingdom of Great Britain and Northern Ireland,0.0,0.0,Nigeria,4290.0,
2018,United States,20656516000000.0,63492.0,,,
2018,United States of America,0.0,0.0,Afghanistan,2364.0,
2018,United States of America,0.0,0.0,Syrian Arab Rep.,11055.0,
2018,United States of America,0.0,0.0,Iran (Islamic Rep. of),8806.0,
2018,United States of America,0.0,0.0,Iraq,9573.0,
2018,United States of America,0.0,0.0,Ukraine,9931.0,
2018,United States of America,0.0,0.0,Palestinian,82.0,
2018,United States of America,0.0,0.0,Pakistan,9056.0,
2018,United States of America,0.0,0.0,Liberia,2237.0,
2018,United States of America,0.0,0.0,Nigeria,10388.0,
2019,France,2722793515171.76,87412.0,Afghanistan,35348.0,9.734865223155104
2019,France,2722793515171.76,87412.0,Syrian Arab Rep.,21488.0,1.1856954594465077
2019,France,2722793515171.76,87412.0,Iran (Islamic Rep. of),3644.0,1.6975476839237058
2019,France,2722793515171.76,87412.0,Iraq,10159.0,1.1233766233766234
2019,France,2722793515171.76,87412.0,Ukraine,2859.0,0.8047105004906772
2019,France,2722793515171.76,87412.0,Palestinian,1339.0,1.5850815850815851
2019,France,2722793515171.76,87412.0,Pakistan,4585.0,4.954983922829582
2019,France,2722793515171.76,87412.0,Liberia,268.0,2.25
2019,France,2722793515171.76,87412.0,Nigeria,7722.0,0.4376396960214573
2019,Sweden,532169294165.94,179229.0,Afghanistan,33561.0,2.170347003154574
2019,Sweden,532169294165.94,179229.0,Syrian Arab Rep.,115644.0,1.4143167028199566
2019,Sweden,532169294165.94,179229.0,Iran (Islamic Rep. of),9849.0,1.2706976744186047
2019,Sweden,532169294165.94,179229.0,Iraq,15339.0,1.622040072859745
2019,Sweden,532169294165.94,179229.0,Ukraine,694.0,1.8545454545454545
2019,Sweden,532169294165.94,179229.0,Palestinian,1881.0,1.8333333333333333
2019,Sweden,532169294165.94,179229.0,Pakistan,1110.0,1.5879396984924623
2019,Sweden,532169294165.94,179229.0,Liberia,24.0,
2019,Sweden,532169294165.94,179229.0,Nigeria,1127.0,1.4389140271493213
2019,Switzerland,0.0,43286.0,Afghanistan,14607.0,2.7037037037037037
2019,Switzerland,0.0,43286.0,Syrian Arab Rep.,19673.0,1.180775407203487
2019,Switzerland,0.0,43286.0,Iran (Islamic Rep. of),2863.0,1.504615384615385
2019,Switzerland,0.0,43286.0,Iraq,5216.0,1.536385936222404
2019,Switzerland,0.0,43286.0,Ukraine,115.0,0.6153846153846154
2019,Switzerland,0.0,43286.0,Pakistan,389.0,2.076923076923077
2019,Switzerland,0.0,43286.0,Liberia,37.0,1.1
2019,Switzerland,0.0,43286.0,Nigeria,386.0,0.9726775956284152
2019,United Kingdom,2851407164907.81,78246.0,,,
2019,United Kingdom of Great Britain and Northern Ireland,0.0,0.0,Afghanistan,12403.0,3.65378421900161
2019,United Kingdom of Great Britain and Northern Ireland,0.0,0.0,Syrian Arab Rep.,11617.0,2.622418879056047
2019,United Kingdom of Great Britain and Northern Ireland,0.0,0.0,Iran (Islamic Rep. of),24589.0,3.726829268292683
2019,United Kingdom of Great Britain and Northern Ireland,0.0,0.0,Iraq,11090.0,2.68391994478951
2019,United Kingdom of Great Britain and Northern Ireland,0.0,0.0,Ukraine,418.0,1.4270833333333333
2019,United Kingdom of Great Britain and Northern Ireland,0.0,0.0,Palestinian,953.0,3.0588235294117645
2019,United Kingdom of Great Britain and Northern Ireland,0.0,0.0,Pakistan,12074.0,2.429824561403509
2019,United Kingdom of Great Britain and Northern Ireland,0.0,0.0,Liberia,49.0,1.125
2019,United Kingdom of Great Britain and Northern Ireland,0.0,0.0,Nigeria,5053.0,0.7953451043338684
2019,United States,21539982000000.0,67406.0,,,
2019,United States of America,0.0,0.0,Afghanistan,2356.0,
2019,United States of America,0.0,0.0,Syrian Arab Rep.,11109.0,
2019,United States of America,0.0,0.0,Iran (Islamic Rep. of),8640.0,
2019,United States of America,0.0,0.0,Iraq,8971.0,
2019,United States of America,0.0,0.0,Ukraine,10397.0,
2019,United States of America,0.0,0.0,Palestinian,113.0,
2019,United States of America,0.0,0.0,Pakistan,9531.0,
2019,United States of America,0.0,0.0,Liberia,2316.0,
2019,United States of America,0.0,0.0,Nigeria,13973.0,
2020,France,2647926055110.05,105196.0,Afghanistan,45106.0,2.226266952177016
2020,France,2647926055110.05,105196.0,Syrian Arab Rep.,24436.0,2.2256857855361596
2020,France,2647926055110.05,105196.0,Iran (Islamic Rep. of),3862.0,2.2314410480349345
2020,France,2647926055110.05,105196.0,Iraq,10382.0,2.2271604938271605
2020,France,2647926055110.05,105196.0,Ukraine,3861.0,2.222591362126246
2020,France,2647926055110.05,105196.0,Palestinian,1433.0,2.2181818181818183
2020,France,2647926055110.05,105196.0,Pakistan,5475.0,2.2257462686567164
2020,France,2647926055110.05,105196.0,Liberia,266.0,1.8
2020,France,2647926055110.05,105196.0,Nigeria,10375.0,2.226333493512734
2020,Sweden,545147614972.141,174356.0,Afghanistan,31285.0,1.5622641509433963
2020,Sweden,545147614972.141,174356.0,Syrian Arab Rep.,116153.0,1.564784053156146
2020,Sweden,545147614972.141,174356.0,Iran (Islamic Rep. of),9264.0,1.5687134502923976
2020,Sweden,545147614972.141,174356.0,Iraq,13065.0,1.558139534883721
2020,Sweden,545147614972.141,174356.0,Ukraine,622.0,1.5657894736842106
2020,Sweden,545147614972.141,174356.0,Palestinian,1954.0,1.5661764705882353
2020,Sweden,545147614972.141,174356.0,Pakistan,964.0,1.5714285714285714
2020,Sweden,545147614972.141,174356.0,Liberia,20.0,
2020,Sweden,545147614972.141,174356.0,Nigeria,1029.0,1.567251461988304
2020,Switzerland,0.0,44133.0,Afghanistan,15367.0,2.7549848942598185
2020,Switzerland,0.0,44133.0,Syrian Arab Rep.,20105.0,1.1782771535580523
2020,Switzerland,0.0,44133.0,Iran (Islamic Rep. of),2826.0,1.5070422535211268
2020,Switzerland,0.0,44133.0,Iraq,4959.0,1.5755656108597285
2020,Switzerland,0.0,44133.0,Ukraine,105.0,0.5666666666666667
2020,Switzerland,0.0,44133.0,Pakistan,360.0,2.136986301369863
2020,Switzerland,0.0,44133.0,Liberia,33.0,1.4285714285714286
2020,Switzerland,0.0,44133.0,Nigeria,378.0,0.9664804469273744
2020,United Kingdom,2696778386607.65,84689.0,,,
2020,United Kingdom of Great Britain and Northern Ireland,0.0,0.0,Afghanistan,12578.0,2.1239109390125845
2020,United Kingdom of Great Britain and Northern Ireland,0.0,0.0,Syrian Arab Rep.,13150.0,2.1246498599439776
2020,United Kingdom of Great Britain and Northern Ireland,0.0,0.0,Iran (Islamic Rep. of),26822.0,2.12573385518591
2020,United Kingdom of Great Britain and Northern Ireland,0.0,0.0,Iraq,12489.0,2.124679322729605
2020,United Kingdom of Great Britain and Northern Ireland,0.0,0.0,Ukraine,436.0,2.1232876712328768
2020,United Kingdom of Great Britain and Northern Ireland,0.0,0.0,Palestinian,1082.0,2.129496402877698
2020,United Kingdom of Great Britain and Northern Ireland,0.0,0.0,Pakistan,12591.0,2.1252763448784084
2020,United Kingdom of Great Britain and Northern Ireland,0.0,0.0,Liberia,59.0,2.0
2020,United Kingdom of Great Britain and Northern Ireland,0.0,0.0,Nigeria,5482.0,2.126451612903226
2020,United States,21354105000000.0,71490.0,,,
2020,United States of America,0.0,0.0,Afghanistan,2388.0,
2020,United States of America,0.0,0.0,Syrian Arab Rep.,11246.0,
2020,United States of America,0.0,0.0,Iran (Islamic Rep. of),8526.0,
2020,United States of America,0.0,0.0,Iraq,8869.0,
2020,United States of America,0.0,0.0,Ukraine,10803.0,
2020,United States of America,0.0,0.0,Palestinian,123.0,
2020,United States of America,0.0,0.0,Pakistan,9968.0,
2020,United States of America,0.0,0.0,Liberia,2393.0,
2020,United States of America,0.0,0.0,Nigeria,17174.0,
2021,France,2966433692008.09,136957.0,Afghanistan,59484.0,
2021,France,2966433692008.09,136957.0,Syrian Arab Rep.,38744.0,
2021,France,2966433692008.09,136957.0,Iran (Islamic Rep. of),4358.0,
2021,France,2966433692008.09,136957.0,Iraq,14581.0,
2021,France,2966433692008.09,136957.0,Ukraine,3389.0,
2021,France,2966433692008.09,136957.0,Palestinian,1992.0,
2021,France,2966433692008.09,136957.0,Pakistan,4552.0,
2021,France,2966433692008.09,136957.0,Liberia,356.0,
2021,France,2966433692008.09,136957.0,Nigeria,9501.0,
2021,Sweden,637186904843.636,170286.0,Afghanistan,29386.0,2.5694716242661446
2021,Sweden,637186904843.636,170286.0,Syrian Arab Rep.,116743.0,1.6169844020797226
2021,Sweden,637186904843.636,170286.0,Iran (Islamic Rep. of),8150.0,1.2038567493112948
2021,Sweden,637186904843.636,170286.0,Iraq,11885.0,1.7417218543046358
2021,Sweden,637186904843.636,170286.0,Ukraine,560.0,1.7603305785123966
2021,Sweden,637186904843.636,170286.0,Palestinian,1810.0,2.388888888888889
2021,Sweden,637186904843.636,170286.0,Pakistan,812.0,1.388235294117647
2021,Sweden,637186904843.636,170286.0,Liberia,15.0,
2021,Sweden,637186904843.636,170286.0,Nigeria,925.0,1.3525179856115108
2021,Switzerland,0.0,45711.0,Afghanistan,16560.0,2.6273083379966424
2021,Switzerland,0.0,45711.0,Syrian Arab Rep.,20401.0,1.165335463258786
2021,Switzerland,0.0,45711.0,Iran (Islamic Rep. of),2921.0,1.4870017331022531
2021,Switzerland,0.0,45711.0,Iraq,4933.0,1.5221318879855466
2021,Switzerland,0.0,45711.0,Ukraine,120.0,0.703125
2021,Switzerland,0.0,45711.0,Pakistan,391.0,1.6842105263157894
2021,Switzerland,0.0,45711.0,Liberia,32.0,1.2857142857142858
2021,Switzerland,0.0,45711.0,Nigeria,353.0,0.9526627218934912
2021,United Kingdom,3143323050707.26,106341.0,,,
2021,United Kingdom of Great Britain and Northern Ireland,0.0,0.0,Afghanistan,14585.0,
2021,United Kingdom of Great Britain and Northern Ireland,0.0,0.0,Syrian Arab Rep.,16775.0,
2021,United Kingdom of Great Britain and Northern Ireland,0.0,0.0,Iran (Islamic Rep. of),35188.0,
2021,United Kingdom of Great Britain and Northern Ireland,0.0,0.0,Iraq,19331.0,
2021,United Kingdom of Great Britain and Northern Ireland,0.0,0.0,Ukraine,491.0,
2021,United Kingdom of Great Britain and Northern Ireland,0.0,0.0,Palestinian,1147.0,
2021,United Kingdom of Great Britain and Northern Ireland,0.0,0.0,Pakistan,12665.0,
2021,United Kingdom of Great Britain and Northern Ireland,0.0,0.0,Liberia,57.0,
2021,United Kingdom of Great Britain and Northern Ireland,0.0,0.0,Nigeria,6102.0,
2021,United States,23681171000000.0,92745.0,,,
2021,United States of America,0.0,0.0,Afghanistan,2861.0,
2021,United States of America,0.0,0.0,Syrian Arab Rep.,12299.0,
2021,United States of America,0.0,0.0,Iran (Islamic Rep. of),9016.0,
2021,United States of America,0.0,0.0,Iraq,9849.0,
2021,United States of America,0.0,0.0,Ukraine,14012.0,
2021,United States of America,0.0,0.0,Palestinian,156.0,
2021,United States of America,0.0,0.0,Pakistan,13285.0,
2021,United States of America,0.0,0.0,Liberia,2415.0,
2021,United States of America,0.0,0.0,Nigeria,28852.0,
2022,France,2796302210398.84,221582.0,Afghanistan,74636.0,5.213894324853229
2022,France,2796302210398.84,221582.0,Syrian Arab Rep.,41331.0,1.158089022041515
2022,France,2796302210398.84,221582.0,Iran (Islamic Rep. of),4541.0,1.5471698113207548
2022,France,2796302210398.84,221582.0,Iraq,14295.0,1.138905775075988
2022,France,2796302210398.84,221582.0,Ukraine,70572.0,0.3927250803858521
2022,France,2796302210398.84,221582.0,Palestinian,2196.0,1.3426339285714286
2022,France,2796302210398.84,221582.0,Pakistan,4462.0,3.60546282245827
2022,France,2796302210398.84,221582.0,Liberia,409.0,1.801526717557252
2022,France,2796302210398.84,221582.0,Nigeria,9140.0,0.5523935583498787
2022,Sweden,579895717343.956,211041.0,Afghanistan,28249.0,4.19493670886076
2022,Sweden,579895717343.956,211041.0,Syrian Arab Rep.,112432.0,1.7583892617449663
2022,Sweden,579895717343.956,211041.0,Iran (Islamic Rep. of),7523.0,1.4382022471910112
2022,Sweden,579895717343.956,211041.0,Iraq,11753.0,1.9295774647887325
2022,Sweden,579895717343.956,211041.0,Ukraine,47846.0,0.6011595766196993
2022,Sweden,579895717343.956,211041.0,Palestinian,1607.0,1.9310344827586208
2022,Sweden,579895717343.956,211041.0,Pakistan,737.0,1.453125
2022,Sweden,579895717343.956,211041.0,Liberia,11.0,
2022,Sweden,579895717343.956,211041.0,Nigeria,883.0,1.696969696969697
2022,Switzerland,0.0,110440.0,Afghanistan,20600.0,3.3254829319925907
2022,Switzerland,0.0,110440.0,Syrian Arab Rep.,20794.0,1.230251609128145
2022,Switzerland,0.0,110440.0,Iran (Islamic Rep. of),3083.0,1.4190031152647975
2022,Switzerland,0.0,110440.0,Iraq,4825.0,1.4591651542649728
2022,Switzerland,0.0,110440.0,Ukraine,60271.0,0.5138930760727565
2022,Switzerland,0.0,110440.0,Pakistan,429.0,2.4390243902439024
2022,Switzerland,0.0,110440.0,Liberia,37.0,1.1
2022,Switzerland,0.0,110440.0,Nigeria,401.0,1.1363636363636365
2022,United Kingdom,3114042471144.39,314890.0,,,
2022,United Kingdom of Great Britain and Northern Ireland,0.0,0.0,Afghanistan,24321.0,
2022,United Kingdom of Great Britain and Northern Ireland,0.0,0.0,Syrian Arab Rep.,20054.0,
2022,United Kingdom of Great Britain and Northern Ireland,0.0,0.0,Iran (Islamic Rep. of),41300.0,
2022,United Kingdom of Great Britain and Northern Ireland,0.0,0.0,Iraq,24159.0,
2022,United Kingdom of Great Britain and Northern Ireland,0.0,0.0,Ukraine,183399.0,0.4925373134328358
2022,United Kingdom of Great Britain and Northern Ireland,0.0,0.0,Palestinian,1272.0,
2022,United Kingdom of Great Britain and Northern Ireland,0.0,0.0,Pakistan,13755.0,
2022,United Kingdom of Great Britain and Northern Ireland,0.0,0.0,Liberia,58.0,
2022,United Kingdom of Great Britain and Northern Ireland,0.0,0.0,Nigeria,6572.0,
2022,United States,26006893000000.0,115213.0,,,
2022,United States of America,0.0,0.0,Afghanistan,21764.0,2.632183908045977
2022,United States of America,0.0,0.0,Syrian Arab Rep.,11944.0,1.7959183673469388
2022,United States of America,0.0,0.0,Iran (Islamic Rep. of),8833.0,1.347305389221557
2022,United States of America,0.0,0.0,Iraq,9433.0,1.3477508650519032
2022,United States of America,0.0,0.0,Ukraine,15432.0,1.1459968602825743
2022,United States of America,0.0,0.0,Palestinian,350.0,4.15
2022,United States of America,0.0,0.0,Pakistan,14007.0,2.2228163992869874
2022,United States of America,0.0,0.0,Liberia,2275.0,0.7548387096774194
2022,United States of America,0.0,0.0,Nigeria,31175.0,0.8825966850828729
2023,France,3051831611384.76,241042.0,Afghanistan,89849.0,4.808374733853797
2023,France,3051831611384.76,241042.0,Syrian Arab Rep.,44590.0,1.1686089759484255
2023,France,3051831611384.76,241042.0,Iran (Islamic Rep. of),5105.0,1.489373007438895
2023,France,3051831611384.76,241042.0,Iraq,14328.0,1.1443955710602154
2023,France,3051831611384.76,241042.0,Ukraine,70047.0,0.428693960377398
2023,France,3051831611384.76,241042.0,Palestinian,2326.0,1.361140443505808
2023,France,3051831611384.76,241042.0,Pakistan,4840.0,4.111111111111111
2023,France,3051831611384.76,241042.0,Liberia,433.0,1.6644295302013423
2023,France,3051831611384.76,241042.0,Nigeria,9524.0,0.58898847631242
2023,Sweden,584960475767.32,183069.0,Afghanistan,23470.0,1.3084489033146454
2023,Sweden,584960475767.32,183069.0,Syrian Arab Rep.,95729.0,1.228328677839851
2023,Sweden,584960475767.32,183069.0,Iran (Islamic Rep. of),6172.0,1.227354745579213
2023,Sweden,584960475767.32,183069.0,Iraq,10216.0,1.2727474972191324
2023,Sweden,584960475767.32,183069.0,Ukraine,44578.0,1.2414521319388576
2023,Sweden,584960475767.32,183069.0,Palestinian,1507.0,1.300763358778626
2023,Sweden,584960475767.32,183069.0,Pakistan,650.0,1.249134948096886
2023,Sweden,584960475767.32,183069.0,Liberia,10.0,1.0
2023,Sweden,584960475767.32,183069.0,Nigeria,737.0,1.4163934426229507
2023,Switzerland,0.0,119179.0,Afghanistan,23162.0,2.8475083056478407
2023,Switzerland,0.0,119179.0,Syrian Arab Rep.,21037.0,1.221670714964621
2023,Switzerland,0.0,119179.0,Iran (Islamic Rep. of),3284.0,1.3524355300859598
2023,Switzerland,0.0,119179.0,Iraq,4538.0,1.3012170385395538
2023,Switzerland,0.0,119179.0,Ukraine,66644.0,0.5974878949134667
2023,Switzerland,0.0,119179.0,Pakistan,426.0,1.84
2023,Switzerland,0.0,119179.0,Liberia,45.0,2.4615384615384617
2023,Switzerland,0.0,119179.0,Nigeria,43.0,2.3076923076923075
2023,United Kingdom,3380854520809.54,395674.0,,,
2023,United Kingdom of Great Britain and Northern Ireland,0.0,0.0,Afghanistan,57149.0,1.279742765273312
2023,United Kingdom of Great Britain and Northern Ireland,0.0,0.0,Syrian Arab Rep.,22133.0,1.2797265927263348
2023,United Kingdom of Great Britain and Northern Ireland,0.0,0.0,Iran (Islamic Rep. of),44839.0,1.2797529268117502
2023,United Kingdom of Great Britain and Northern Ireland,0.0,0.0,Iraq,21729.0,1.280348394120849
2023,United Kingdom of Great Britain and Northern Ireland,0.0,0.0,Ukraine,225824.0,1.279681750171863
2023,United Kingdom of Great Britain and Northern Ireland,0.0,0.0,Palestinian,1203.0,1.28125
2023,United Kingdom of Great Britain and Northern Ireland,0.0,0.0,Pakistan,15963.0,1.2792190425247392
2023,United Kingdom of Great Britain and Northern Ireland,0.0,0.0,Liberia,63.0,1.5
2023,United Kingdom of Great Britain and Northern Ireland,0.0,0.0,Nigeria,6771.0,1.279638490164806
2023,United States,27720709000000.0,148968.0,,,
2023,United States of America,0.0,0.0,Afghanistan,43759.0,
2023,United States of America,0.0,0.0,Syrian Arab Rep.,11913.0,
2023,United States of America,0.0,0.0,Iran (Islamic Rep. of),9395.0,
2023,United States of America,0.0,0.0,Iraq,9261.0,
2023,United States of America,0.0,0.0,Ukraine,21072.0,
2023,United States of America,0.0,0.0,Palestinian,125.0,
2023,United States of America,0.0,0.0,Pakistan,16143.0,
2023,United States of America,0.0,0.0,Liberia,2234.0,
2023,United States of America,0.0,0.0,Nigeria,35066.0,
